Team,Conference,Record,Wins,Games,Seed,AdjO,AdjD,AdjEM,Barthag,Adj_T,eFG%,Opp_eFG%,TO%,Opp_TO%,OR%,DR%,Opp_OR%,FTR,Opp_FTR,FT%,2P%,2P_%_D,3P%,3P_%_D,3P_Rate,3P_Rate_D,Blk_%,Blked_%,Ast_%,Op_Ast_%,SOS,Elite_SOS,WAB,Torvik_Rank,NET_Rank,Massey_Rank,CompRank,TRank_Early,RankTrajectory,AP_Poll_Rank,Luck,Coach_Tourney_Experience,Program_Prestige,Quad1_Wins,Last_10_Games_Metric,Conf_Tourney_Champion,Won_Play_In,Star_Player_Index,Exp,Bench_Minutes_Pct
Duke,ACC,32-2,32,34,1.0,128.14904357444615,90.82469357684226,37.32434999760389,0.981275529393138,65.80289902502722,56.8,46.2,15.7,18.1,38.1,75.2,24.8,37.8,23.7,67.1,60.1,46.6,35.1,30.4,44.4,45.7,10.4,9.3,59.2,51.4,12,0.6242298644113906,13.66685494408448,1,1.0,2,1.0,6,5,1,-0.0401,5.5,10.0,17.0,1.0,1.0,0,10.0,0.856,15.9
Michigan,B10,31-3,31,34,1.0,127.63450072351318,91.04688631318432,36.58761441032887,0.9798590808886916,71.21588775355953,58.1,44.7,16.7,15.5,35.4,72.3,27.7,37.7,26.3,71.3,61.0,44.3,36.0,30.2,41.8,41.8,15.9,9.4,60.7,46.7,1,0.581440054194272,13.990672950982004,2,2.0,3,2.0,1,-1,3,-0.0681,4.5,2.0,16.0,0.9,0.0,0,8.0,1.947,17.6
Arizona,B12,32-2,32,34,1.0,126.9328463200414,91.39879171276158,35.53405460727983,0.9776187905660676,70.0265807984333,55.1,45.0,15.1,16.7,38.1,73.1,26.9,42.9,27.7,71.4,55.4,43.8,36.0,31.4,26.8,37.2,10.8,8.3,55.4,48.9,14,0.6220128153719021,13.661141906628146,3,3.0,1,3.0,3,0,2,-0.0364,5.5,8.0,16.0,1.0,1.0,0,8.0,1.406,10.0
Florida,SEC,26-7,26,33,1.0,126.11025282932148,92.27159037013304,33.83866245918844,0.9732168213458992,70.39846831640578,53.5,46.3,16.5,15.4,43.2,75.2,24.8,39.1,34.0,72.5,57.9,45.2,30.8,32.4,37.1,33.7,12.4,7.2,54.0,44.5,7,0.607451094298917,8.526908357231688,4,4.0,6,4.0,4,0,4,-0.1853,7,7.0,12.0,0.9,0.0,0,7.0,1.928,10.2
Houston,B12,28-6,28,34,2.0,125.3761008011556,92.39818113160156,32.97791966955404,0.970968805707221,63.32516871557185,52.1,46.6,13.0,21.0,35.9,69.1,30.9,26.9,39.0,64.9,51.9,45.5,34.9,32.1,40.8,40.9,12.5,6.4,52.9,53.5,21,0.6385883811259491,8.990295159145363,5,5.0,4,5.0,2,-3,5,-0.1474,8,7.0,10.0,0.8,0.0,0,8.0,1.553,16.9
Illinois,B10,24-8,24,32,3.0,131.94853676044386,98.20662203294115,33.7419147275027,0.9675915468033512,65.71825606645093,55.1,47.6,13.2,11.6,38.7,73.0,27.0,32.9,20.6,66.2,58.2,48.0,34.7,31.4,50.7,42.2,12.6,8.5,51.2,51.4,15,0.625412726486913,6.558013162201696,6,8.0,13,6.0,5,-1,9,-0.2176,5,2.0,7.0,0.7,0.0,0,8.0,1.548,13.1
Iowa St.,B12,27-7,27,34,2.0,123.77693011635378,92.63870403444515,31.138226081908627,0.9655237713281531,66.96165457910595,56.5,49.5,15.1,22.4,35.3,71.9,28.1,34.0,27.9,68.2,55.5,50.5,38.7,32.1,38.8,42.8,8.6,9.6,58.4,54.5,50,0.6545066499274036,7.3866316433959325,7,7.0,8,7.0,8,1,26,-0.1714,5,2.0,8.0,0.7,0.0,0,7.0,1.944,10.5
Purdue,B10,27-8,27,35,2.0,133.28802249492458,100.25111499176668,33.03690750315789,0.9635819526479076,64.43644110017448,57.6,52.3,13.5,15.6,36.3,73.6,26.4,28.6,26.0,65.3,58.1,53.1,37.9,34.2,40.9,45.0,8.9,6.6,66.8,57.5,4,0.596202028089706,9.187059022712358,8,9.0,7,8.0,7,-1,18,-0.1922,5,2.0,10.0,0.7,1.0,0,8.0,2.015,16.0
Connecticut,BE,29-5,29,34,2.0,123.09077692053246,94.96630924453147,28.12446767600099,0.9518047318017968,64.58279664461328,55.3,45.7,16.8,18.0,35.7,71.3,28.7,30.0,40.2,66.0,57.1,45.8,35.2,30.3,40.3,36.2,15.2,9.7,65.0,48.5,32,0.6742452255930754,8.836474101615588,9,10.0,9,9.0,9,0,6,-0.0989,9,9.0,7.0,0.7,0.0,0,7.0,1.997,17.6
Vanderbilt,SEC,26-8,26,34,5.0,127.44611401573864,99.3325518475338,28.11356216820485,0.9461415847068948,68.98180715559334,55.3,48.8,13.3,17.9,31.2,68.4,31.6,38.2,41.0,70.8,56.8,49.1,35.5,32.2,43.6,37.9,12.6,7.1,56.2,46.6,16,0.631837311445132,7.294689015202003,10,14.0,15,10.0,10,0,22,-0.1814,3,2.0,10.0,0.6,0.0,0,7.0,2.308,14.4
Gonzaga,WCC,30-3,30,33,3.0,120.28150450114714,94.01797680255537,26.263527698591773,0.9444338732568964,68.93236315364123,56.3,46.2,13.7,20.5,34.8,74.1,25.9,31.1,31.0,70.4,58.7,46.2,34.0,30.8,31.0,43.7,11.4,6.0,56.7,52.9,82,0.7541650477498699,7.359443192945847,11,6.0,5,11.0,15,4,12,-0.0353,8,8.0,7.0,0.9,1.0,0,7.0,2.11,24.1
Texas Tech,B12,22-10,22,32,5.0,126.29164284713325,98.78753576340496,27.50410708372829,0.9439938318467854,66.40820549405308,56.2,49.4,15.9,14.7,33.3,69.9,30.1,27.1,31.6,68.0,53.6,50.6,39.3,31.5,48.0,35.0,9.5,7.3,55.5,41.5,6,0.6024595807449575,5.047791891715761,12,18.0,20,12.0,11,-1,16,-0.2565,3,2.0,7.0,0.6,0.0,0,7.0,1.601,9.6
Michigan St.,B10,25-7,25,32,3.0,122.89006659127358,96.16034681539584,26.72971977587774,0.9437810744888392,65.98079627712967,53.6,48.6,17.1,14.8,38.5,77.4,22.6,36.2,30.9,66.8,53.4,48.0,35.9,32.9,36.4,46.0,13.3,8.1,67.0,56.4,10,0.6278919430717965,7.439519032969809,13,11.0,14,13.0,17,4,26,-0.1625,10,2.0,9.0,0.7,0.0,0,7.0,1.768,16.5
Virginia,ACC,29-5,29,34,3.0,122.24772497011595,95.828630398865,26.41909457125095,0.9426818899043108,65.57763983291127,54.6,45.3,16.0,15.6,37.9,70.8,29.2,33.0,33.0,66.5,55.2,44.7,35.9,30.9,46.5,37.5,17.5,9.6,59.1,50.3,67,0.6990198247610461,7.758141913488133,14,12.0,19,14.0,18,4,10,-0.0897,3.5,7.0,8.0,0.9,0.0,0,7.0,1.724,17.4
St. John's,BE,28-6,28,34,5.0,119.8360168490785,94.12447942074596,25.711537428332548,0.9414378888713262,69.60376018997675,51.0,47.4,14.7,19.4,35.9,69.8,30.2,41.9,31.8,71.0,51.6,47.5,33.2,31.3,33.8,33.7,12.4,9.5,58.2,47.2,22,0.6894166812353784,7.256444968044674,15,20.0,10,15.0,21,6,13,-0.1179,10,2.0,5.0,1.0,1.0,0,8.0,2.3,13.4
Tennessee,SEC,22-11,22,33,6.0,121.5069174372959,95.53605050874503,25.970866928550866,0.9407759081269592,65.22477844539156,51.6,47.7,17.1,16.3,45.1,72.1,27.9,38.7,36.2,67.3,52.2,49.2,33.4,30.6,31.7,44.4,11.3,9.4,59.8,45.4,20,0.6144451181756679,4.117973274685944,16,19.0,17,16.0,16,0,25,-0.2741,5,7.0,6.0,0.7,0.0,0,7.0,1.473,20.6
Louisville,ACC,23-10,23,33,6.0,124.03430082151512,98.16619405303236,25.86810676848276,0.9364224827138048,69.71230724985458,56.4,48.8,16.4,16.7,32.9,73.1,26.9,33.5,33.4,71.0,59.7,48.6,35.7,32.7,52.8,39.1,9.2,12.4,59.5,48.3,38,0.6472949054323092,3.996000928406248,17,15.0,26,17.0,14,-3,24,-0.2395,3.5,2.0,7.0,0.6,0.0,0,7.0,2.208,18.7
Alabama,SEC,23-9,23,32,4.0,129.4991228922421,102.7881132699872,26.71100962225489,0.9344135811196724,73.05923674304215,55.4,49.2,13.0,12.6,31.8,67.2,32.8,37.2,32.7,74.6,57.3,48.6,35.8,33.5,53.7,35.1,11.3,12.1,53.5,46.7,2,0.5987102877084904,6.546159730120388,18,17.0,11,18.0,19,1,15,-0.2157,5,2.0,7.0,0.9,0.0,0,8.0,1.526,20.0
Arkansas,SEC,26-8,26,34,4.0,127.94397173612164,101.67114309335729,26.272828642764352,0.9335945240705558,70.97427124123527,56.5,51.4,12.3,15.7,32.2,68.8,31.2,36.4,31.3,72.4,55.6,53.7,38.9,31.7,33.4,38.2,12.9,6.7,53.0,49.8,11,0.6226122044949824,7.537250472613522,19,16.0,12,19.0,20,1,17,-0.1689,10,6.0,7.0,0.8,1.0,0,9.0,1.457,9.8
Nebraska,B10,26-6,26,32,4.0,117.2538878569014,93.48342011306744,23.77046774383396,0.9312090054022388,66.82093045578033,55.4,47.8,14.4,19.2,26.3,72.3,27.7,27.2,24.8,67.3,58.1,50.6,35.3,29.9,50.7,49.3,8.7,9.3,65.6,60.5,51,0.6542422950171931,7.452335200536481,20,13.0,16,20.0,12,-8,11,-0.1187,3,2.0,9.0,0.8,0.0,0,7.0,2.26,7.6
Wisconsin,B10,24-10,24,34,5.0,127.17617855394414,101.64124877395804,25.5349297799861,0.9293944834911642,68.69395616975298,54.5,51.3,12.8,14.4,29.4,71.8,28.2,31.9,30.5,68.9,54.8,52.3,36.1,33.3,52.6,40.2,8.5,12.5,57.3,50.6,19,0.6232908797470189,5.374155693424257,21,25.0,21,21.0,23,2,23,-0.2235,4,2.0,9.0,0.6,0.0,0,7.0,1.871,14.1
Kansas,B12,23-10,23,33,4.0,117.86865930972668,94.38278244536517,23.485876864361515,0.9279382117979909,67.6096555724268,51.6,45.2,15.5,14.0,29.5,69.9,30.1,32.6,27.7,68.2,51.1,44.7,35.0,30.7,35.7,42.0,15.6,8.3,53.3,48.0,3,0.5899481138154892,6.259280128342964,22,21.0,18,22.0,13,-9,14,-0.231,10,10.0,9.0,0.5,0.0,0,9.0,1.629,11.8
Ohio St.,B10,21-12,21,33,8.0,125.2171892870942,101.60783116142892,23.60935812566528,0.9170318217012337,66.16146682769845,56.5,50.3,15.4,15.8,30.8,70.0,30.0,37.8,35.1,66.6,58.2,52.3,36.0,31.6,40.1,40.3,7.0,8.8,52.0,53.4,24,0.6217898230360176,2.887371458107152,23,30.0,27,23.0,38,15,26,-0.2807,3,2.0,4.0,0.6,0.0,0,7.0,1.779,15.6
UCLA,B10,23-11,23,34,7.0,124.51822223155888,101.76067566642436,22.75754656513452,0.9106034796465028,64.68768853525523,53.9,50.4,13.4,18.1,31.1,67.6,32.4,33.1,34.7,65.7,52.0,52.7,38.2,31.8,35.9,44.7,9.4,8.1,59.4,63.3,33,0.6384020293349876,3.6127974210664897,24,31.0,25,24.0,39,15,26,-0.2341,5,8.0,5.0,0.8,0.0,0,7.5,2.244,14.9
Saint Mary's,WCC,27-5,27,32,7.0,119.3889951284907,97.5855066343936,21.80348849409711,0.910443937966688,65.30213914311945,52.9,46.7,16.4,15.2,37.6,76.2,23.8,35.8,25.7,66.4,50.2,46.6,38.6,31.2,36.1,36.8,9.7,8.9,58.0,52.7,90,0.7733821359638497,4.00441494951948,25,22.0,28,25.0,33,8,21,-0.0667,5,2.0,1.0,0.8,0.0,0,7.0,1.349,11.2
Iowa,B10,21-12,21,33,9.0,122.13067319746288,100.19089336085776,21.93977983660513,0.9069680321337468,63.027100530741095,56.6,52.7,15.2,21.0,30.1,72.0,28.0,34.5,39.1,63.4,58.7,54.0,35.7,33.7,41.6,39.1,6.7,8.3,58.0,51.0,52,0.641231377660449,1.9453254932803272,26,26.0,33,26.0,27,1,26,-0.2706,3,2.0,4.0,0.5,0.0,0,7.0,1.776,13.9
North Carolina,ACC,24-8,24,32,6.0,121.46775031421409,100.053192258073,21.41455805614109,0.902945415377297,67.98560805753611,54.6,48.2,14.0,13.6,31.4,71.9,28.1,37.4,23.8,68.8,56.7,46.1,34.5,34.5,42.3,36.9,8.6,9.0,57.0,48.1,45,0.6646116412084572,4.920582516335669,27,24.0,24,27.0,25,-2,19,-0.1529,5,9.0,6.0,0.8,0.0,0,8.0,1.523,17.4
Santa Clara,WCC,26-8,26,34,10.0,124.99642288371064,103.71183475421172,21.28458812949892,0.89535926999318,69.25742380217886,54.6,51.8,15.6,20.1,36.7,67.7,32.3,25.8,38.3,69.6,56.5,53.2,34.9,33.0,45.0,38.2,10.6,8.4,55.0,60.5,89,0.7587711149911627,2.1382880994085305,28,40.0,40,28.0,35,7,26,-0.1307,4,2.0,2.0,0.8,0.0,0,6.2,1.435,17.1
Utah St.,MWC,28-6,28,34,9.0,123.02906688062426,102.0858683474044,20.943198533219856,0.8952918581982402,67.55370639809594,56.6,49.6,15.4,20.6,33.1,67.8,32.2,38.7,38.9,68.3,59.3,48.7,35.1,33.9,40.7,40.9,8.8,9.9,59.8,49.6,78,0.7699689714084363,3.989063529368197,29,27.0,30,29.0,28,-1,26,-0.0718,3,2.0,3.0,0.8,1.0,0,7.0,2.185,19.8
Clemson,ACC,24-10,24,34,8.0,116.541487882331,96.95489530989052,19.58659257244048,0.8924502016649227,64.27331427615292,52.6,48.9,14.2,17.5,28.1,74.3,25.7,37.1,33.1,65.5,53.8,49.0,34.1,32.6,42.9,42.9,9.1,10.3,50.2,46.4,61,0.678770969868467,3.1718669000883644,30,34.0,32,30.0,26,-4,26,-0.1866,4,2.0,6.0,0.6,0.0,0,6.8,2.344,18.9
Kentucky,SEC,21-13,21,34,7.0,119.9107388158162,99.98566564901633,19.92507316679988,0.8899067640842462,68.31926791640589,53.1,48.8,15.0,15.8,33.8,69.9,30.1,37.5,37.0,69.8,54.4,49.6,34.1,31.6,39.2,39.5,12.3,8.7,57.0,55.2,17,0.5897604970120065,3.29043592212833,31,28.0,23,31.0,40,9,26,-0.2723,3.5,10.0,5.0,0.4,0.0,0,7.0,1.581,20.0
BYU,B12,23-11,23,34,6.0,124.74575041830984,104.32572450991044,20.4200259083994,0.8865259808617895,69.7791356811537,54.7,51.2,15.3,16.5,34.6,70.7,29.3,34.2,28.9,70.4,56.2,50.0,34.9,35.3,39.8,39.2,11.9,7.9,45.4,54.3,8,0.6176587161559278,4.538079923157684,33,23.0,22,33.0,31,-2,26,-0.2101,3.5,2.0,7.0,0.6,0.0,0,10.0,1.463,16.6
Miami FL,ACC,25-8,25,33,7.0,121.07720391394818,101.46562417153982,19.611579742408367,0.8841310791804665,67.92965806895972,55.6,51.7,16.2,18.4,37.0,73.7,26.3,37.5,29.0,69.3,57.2,50.8,34.7,35.4,31.7,40.9,10.0,10.2,53.7,54.3,79,0.703868613651676,3.848109487753705,35,32.0,37,35.0,43,8,26,-0.1266,3,2.0,6.0,0.7,0.0,0,7.0,1.67,10.7
Villanova,BE,24-8,24,32,8.0,119.61168901030304,100.53854965759588,19.07313935270716,0.880550899516825,64.9463968021141,53.7,51.3,15.1,18.7,32.4,68.3,31.7,31.3,28.9,66.5,54.4,51.5,35.3,33.9,45.7,36.9,6.0,7.5,56.8,53.7,42,0.6931396371597561,3.937059955922287,36,35.0,31,36.0,29,-7,26,-0.1306,4.5,8.0,2.0,0.7,0.0,0,6.5,1.548,8.8
Georgia,SEC,22-10,22,32,8.0,124.3173175934922,104.76044808933348,19.55686950415873,0.8774339536651152,72.02594121399021,54.6,50.1,14.3,18.4,35.2,65.1,34.9,37.0,30.8,73.5,57.3,49.9,34.1,33.7,43.9,37.6,15.1,9.6,48.4,47.3,72,0.6737118824596058,2.6022566652420007,37,33.0,34,37.0,46,9,26,-0.1899,3,2.0,6.0,0.7,0.0,0,6.3,1.553,22.6
N.C. State,ACC,20-13,20,33,11.0,124.07921540330656,104.63475838872576,19.44445701458081,0.8765449225525662,69.0919221132396,55.3,53.0,13.1,18.2,28.5,69.7,30.3,35.2,36.5,69.6,53.1,52.7,38.8,35.6,43.9,45.3,10.6,9.3,54.8,49.4,29,0.6702627705273025,0.3362098216793452,38,36.0,43,38.0,30,-8,26,-0.2705,3,2.0,5.0,0.3,0.0,0,6.1,2.189,13.9
Texas A&M,SEC,21-11,21,32,10.0,119.8892961981514,101.39118351306315,18.498112685088245,0.8729392251957435,71.0158608343569,54.2,50.8,14.6,18.3,32.3,67.5,32.5,37.4,35.6,72.6,54.1,53.1,36.2,31.7,46.3,41.5,8.9,11.5,61.3,56.3,69,0.6690467990299053,1.5905454049665226,39,43.0,35,39.0,32,-7,26,-0.2167,3,2.0,5.0,0.5,0.0,0,6.7,2.497,24.3
SMU,ACC,20-13,20,33,11.0,123.04567994859158,104.9726580763338,18.073021872257783,0.8613849862998983,68.62208707582035,55.7,51.4,15.9,17.1,35.4,68.4,31.6,30.6,32.0,70.7,55.5,52.0,37.4,33.9,36.0,47.2,11.2,7.6,55.1,60.6,34,0.6829262143131849,-0.0243484296364248,42,37.0,48,42.0,37,-5,26,-0.2553,4.5,2.0,4.0,0.5,0.0,0,7.0,2.034,9.6
Saint Louis,A10,28-5,28,33,9.0,119.56932042826288,102.22706412712776,17.342256301135123,0.8583980628078616,71.01390387539206,59.7,44.8,17.4,16.1,31.1,73.0,27.0,34.7,37.2,71.9,58.9,44.6,40.5,30.0,45.1,41.6,9.5,10.7,60.2,51.6,114,0.8373736465236084,1.863977011295308,43,29.0,51,43.0,22,-21,26,-0.0099,3,2.0,2.0,0.6,0.0,0,7.0,1.939,19.2
Texas,SEC,18-14,18,32,11.0,124.0565307090514,106.39320866225933,17.663322046792075,0.8540031071225773,67.09866522467256,54.2,51.2,15.3,13.4,35.7,73.1,26.9,46.2,40.7,68.6,55.3,49.8,34.9,36.0,36.2,33.3,7.4,10.5,43.1,45.8,71,0.632756826364107,-0.2109079435122388,45,42.0,39,45.0,41,-4,26,-0.2915,5.5,2.0,6.0,0.3,0.0,0,7.0,2.238,11.8
Missouri,SEC,20-12,20,32,10.0,119.9207353475796,103.02743803074772,16.893297316831877,0.8514614758760203,66.37969633009976,55.3,51.4,18.0,16.6,35.5,68.6,31.4,42.5,35.1,68.4,56.9,48.9,35.0,36.5,36.0,43.1,10.4,9.8,50.6,51.8,66,0.6561555526492676,1.150786188912313,46,58.0,41,46.0,49,3,26,-0.2265,3,2.0,5.0,0.5,0.0,0,7.0,2.282,18.8
VCU,A10,27-7,27,34,11.0,119.28514024337892,103.08826793831425,16.196872305064673,0.8426671582185461,68.68098165232902,54.1,48.9,15.2,17.2,32.3,70.1,29.9,43.7,33.1,69.4,53.3,48.4,36.7,33.1,43.8,34.7,11.3,8.9,52.7,50.3,102,0.7947816734156399,1.710562703127676,48,44.0,44,48.0,54,6,26,-0.0485,3,2.0,1.0,1.0,1.0,0,6.0,1.703,15.2
TCU,B12,22-11,22,33,9.0,114.84952242496828,99.65460074620084,15.194921678767445,0.8364426679759541,67.57960481950622,50.9,51.0,15.5,19.7,34.4,70.8,29.2,38.7,30.4,69.7,51.6,51.3,33.1,33.7,36.9,38.1,12.6,9.9,57.6,61.0,70,0.655627008537237,2.3662704132474994,49,38.0,36,49.0,51,2,26,-0.1698,5,2.0,5.0,0.9,0.0,0,6.4,1.807,8.9
South Florida,Amer,25-8,25,33,11.0,116.7846133757844,101.42185390013816,15.362759475646245,0.8350695959859539,71.40149162396509,50.9,48.4,15.2,18.8,38.2,68.2,31.8,41.1,38.8,72.9,51.9,46.7,33.1,33.9,43.8,39.5,10.9,13.3,58.8,51.3,105,0.8104760955455289,-0.2621781183917113,50,49.0,58,50.0,68,18,26,-0.0775,3,2.0,2.0,0.8,1.0,0,5.8,2.247,14.7
UCF,B12,21-11,21,32,10.0,119.99920041185504,105.6720247233694,14.32717568848564,0.8118637684708365,69.1160646053316,52.8,52.4,15.7,15.8,34.4,71.5,28.5,30.8,35.2,70.6,52.1,53.2,36.2,34.0,34.4,39.7,8.3,9.0,53.6,51.3,37,0.6549811509447337,2.113513965887793,57,52.0,42,57.0,52,-5,26,-0.1556,4,2.0,6.0,0.6,0.0,0,5.9,2.429,17.7
Northern Iowa,MVC,23-12,23,35,12.0,109.7112760877065,98.5820220532446,11.129254034461894,0.773832094996169,62.18687070218464,54.2,47.2,14.6,18.1,22.0,73.7,26.3,25.7,29.3,63.4,55.3,50.0,34.9,28.9,39.6,41.5,9.8,8.1,57.1,49.3,120,0.8448756233589643,-5.2780744033435205,70,71.0,93,70.0,82,12,26,-0.1167,4,2.0,0.0,0.7,1.0,0,6.2,2.321,13.5
Akron,MAC,29-5,29,34,12.0,117.16513620389094,105.33708783237108,11.828048371519856,0.7727344161547253,70.32074100784978,58.5,50.6,15.5,18.4,33.5,70.1,29.9,29.1,30.3,71.2,59.1,49.0,38.5,35.1,45.1,43.2,8.4,8.3,57.4,50.8,240,0.8793258885291031,-0.2027899199165116,71,53.0,70,71.0,71,0,26,0.0802,3,2.0,0.0,0.9,1.0,0,6.5,2.447,13.5
McNeese St.,Slnd,28-5,28,33,12.0,113.15804425411054,102.17324155839177,10.98480269571877,0.7639267747705819,66.13607262561543,51.0,48.9,14.3,24.6,35.0,65.0,35.0,38.3,42.1,66.5,52.9,49.1,31.6,32.5,35.1,46.8,15.8,6.7,49.2,57.2,198,0.851446386804174,0.7043079408177202,73,56.0,87,73.0,80,7,26,0.0846,3,2.0,0.0,0.9,1.0,0,5.7,1.919,18.4
Miami OH,MAC,31-1,31,32,11.0,116.6867050849028,107.58695552934591,9.099749555556883,0.7178297469148132,69.94164853469331,59.2,50.8,14.5,17.5,25.3,71.9,28.1,40.2,30.9,71.3,61.5,51.6,37.5,33.0,44.6,36.8,8.1,7.8,51.0,46.6,288,0.9149854012301116,2.455973442431614,86,64.0,66,86.0,79,-7,26,0.2509,3,2.0,0.0,0.9,0.0,0,6.8,1.693,14.0
Hofstra,CAA,24-10,24,34,13.0,113.19010490875948,104.95516448206033,8.234940426699154,0.7044664201598472,64.71380018204498,51.5,45.9,16.1,15.0,34.9,69.5,30.5,32.5,35.4,65.3,48.6,44.2,36.8,32.3,43.1,40.6,10.4,10.6,48.5,55.2,190,0.8730819371437216,-4.6703042373391135,91,88.0,115,91.0,109,18,26,0.0014,3,2.0,0.0,0.9,1.0,0,5.9,1.895,9.0
High Point,BSth,30-4,30,34,12.0,115.6813531473048,107.52003093667972,8.161322210625087,0.698752906718874,69.88909815604822,54.7,50.1,13.0,21.9,32.1,68.3,31.7,42.9,36.4,70.9,57.1,51.6,34.4,31.9,42.9,41.4,11.0,10.4,52.7,51.9,345,0.932853777327996,-1.4283540974957107,93,75.0,89,93.0,99,6,26,0.1836,6,2.0,0.0,1.0,1.0,0,5.6,2.541,20.4
Cal Baptist,WAC,25-8,25,33,13.0,107.493194178298,100.32045138983328,7.172742788464717,0.6887252646981852,65.93115332651749,48.6,46.4,18.1,17.1,37.8,72.8,27.2,36.1,37.1,67.4,47.7,47.3,33.7,29.7,32.1,31.7,7.5,9.6,40.4,46.0,167,0.8604583253027357,-2.3073077151507206,96,100.0,102,96.0,116,20,26,0.0689,3,2.0,0.0,0.7,1.0,0,5.5,2.169,16.4
North Dakota St.,Sum,27-7,27,34,14.0,111.4590425755922,106.04885654895814,5.410186026634065,0.6392727051815638,66.3569332396378,53.4,51.5,15.6,18.7,33.6,74.3,25.7,30.7,29.1,68.0,53.2,52.6,35.7,33.5,42.7,44.4,9.0,9.0,53.0,55.1,291,0.9091694030441004,-3.3558865219438068,114,115.0,111,114.0,122,8,26,0.1548,3,2.0,0.0,0.9,1.0,0,5.4,1.834,12.4
Hawaii,BW,24-8,24,32,13.0,106.90102196791943,101.84645404966123,5.054567918258201,0.6357641562379068,69.5809991981123,52.0,46.4,18.9,16.9,31.4,75.0,25.0,42.4,36.1,72.3,55.0,46.6,31.6,30.7,39.7,32.4,10.1,8.5,49.9,38.3,226,0.8901296020233075,-3.738922798201396,116,105.0,118,116.0,97,-19,26,0.1142,3,2.0,0.0,0.8,1.0,0,6.0,2.599,14.5
Wright St.,Horz,23-11,23,34,14.0,112.40921776373833,109.0270261319282,3.38219163181013,0.5869392553494839,66.97687066573965,54.4,52.1,16.3,16.5,33.2,70.8,29.2,38.0,33.5,69.0,54.5,52.9,36.1,33.6,33.7,34.2,11.4,9.0,47.0,44.6,236,0.8916411591622074,-6.569456976026632,130,127.0,136,130.0,118,-12,26,0.0895,3,2.0,0.0,0.7,1.0,0,5.3,1.245,16.5
Idaho,BSky,21-14,21,35,15.0,108.82946318591368,106.18991517251764,2.6395480133960376,0.570124466244957,67.4241819620705,51.9,50.3,15.0,15.2,28.9,75.8,24.2,34.8,39.2,69.2,52.0,49.3,34.5,34.8,46.8,35.8,6.2,9.1,44.5,45.6,196,0.8776529902263706,-8.863391603823928,136,145.0,164,136.0,160,24,26,0.0299,3,2.0,0.0,0.5,1.0,0,4.8,2.008,15.1
Troy,SB,22-11,22,33,13.0,110.72249535932266,109.04425878428393,1.6782365750387385,0.5437978691264171,65.084085396929,51.9,50.1,17.0,16.9,34.8,68.4,31.6,36.3,32.1,67.0,53.7,52.0,33.2,31.3,45.6,38.4,9.1,11.0,57.0,49.3,224,0.8790949659295082,-6.153640489226201,142,125.0,129,142.0,134,-8,26,0.1229,3,2.0,1.0,0.7,1.0,0,5.2,1.897,10.3
Kennesaw St.,CUSA,21-13,21,34,14.0,110.79975045507,109.50055331196702,1.2991971431029723,0.5338584977572647,71.26667869663312,50.7,48.5,16.7,16.1,35.5,68.7,31.3,45.1,47.5,71.9,50.8,47.0,33.7,33.9,42.9,38.3,14.7,13.1,51.3,49.4,204,0.8776395711852272,-7.979987063198311,145,161.0,134,145.0,180,35,26,0.0838,3,2.0,0.0,0.6,1.0,0,5.1,1.297,22.3
Penn,Ivy,18-11,18,29,14.0,106.5759815772507,105.41417221950016,1.161809357750542,0.5314714574210969,69.02427516446134,50.3,51.7,15.4,17.8,30.3,69.5,30.5,35.2,27.5,68.8,46.2,54.4,38.7,31.7,35.0,39.3,8.5,9.4,52.7,53.8,155,0.8535004276245739,-6.002022113460408,147,150.0,145,147.0,171,24,26,0.0892,5,2.0,0.0,0.9,1.0,0,7.0,1.869,18.4
UMBC,AE,24-8,24,32,16.0,107.568859946595,109.2440972710758,-1.675237324480804,0.4556874579478566,66.00705847646276,53.9,49.2,14.1,15.2,25.1,74.4,25.6,33.8,25.2,66.4,54.0,49.7,35.9,32.2,38.8,37.8,6.5,6.5,45.0,42.8,364,0.9315871725598328,-5.114989665095168,185,202.0,207,185.0,235,50,26,0.2943,3,2.0,0.0,1.0,1.0,0,4.9,2.082,14.2
Siena,MAAC,23-11,23,34,16.0,107.25094661434976,108.94841557223803,-1.697468957888276,0.4549757799335444,64.63036549362391,50.6,48.6,16.0,17.1,31.9,71.0,29.0,34.2,27.2,64.3,52.8,48.2,30.4,32.8,31.9,39.3,9.1,9.6,53.0,48.3,333,0.9093153867895972,-7.773869057200597,186,182.0,201,186.0,198,12,26,0.2215,3,2.0,0.0,0.7,1.0,0,5.0,1.725,10.7
Furman,SC,22-12,22,34,15.0,106.8966117277042,109.00322170503932,-2.106609977335125,0.4441277773879366,65.84093311010186,54.8,50.1,17.8,13.7,31.0,72.5,27.5,32.1,28.9,66.5,59.0,50.9,33.3,32.6,46.3,41.9,9.4,10.8,55.8,46.8,315,0.91504632307553,-8.734134471822484,194,186.0,152,194.0,189,-5,26,0.2029,3,2.0,0.0,0.6,1.0,0,5.4,1.607,15.3
Queens,ASun,21-13,21,34,15.0,114.63228556806592,117.0823488001596,-2.450063232093669,0.4394973218489222,69.5022342323596,56.6,54.0,14.8,15.0,30.4,67.0,33.0,36.3,38.7,70.7,59.0,54.1,35.9,35.8,46.8,39.5,8.0,9.1,54.5,48.0,252,0.8413912702700368,-6.966910922804779,198,190.0,184,198.0,205,7,26,0.1781,3,2.0,0.0,0.6,1.0,0,5.3,1.734,12.0
Howard,MEAC,23-10,23,33,16.0,103.4439478028701,106.230683620765,-2.7867358178949075,0.4241633103615799,69.04793120520861,50.6,47.4,19.8,21.3,36.6,68.0,32.0,44.2,38.3,69.2,49.9,48.3,34.7,30.4,34.3,34.0,10.6,11.1,61.1,46.9,365,0.9240438951595108,-6.866335368876277,206,201.0,245,206.0,229,23,26,0.2728,3,2.0,0.0,0.7,1.0,0,4.7,1.89,15.1
Tennessee St.,OVC,23-9,23,32,15.0,107.80850437789634,111.93587914179172,-4.127374763895375,0.3936366732165107,70.13661898234609,50.1,51.2,16.5,20.0,34.9,70.1,29.9,33.5,41.6,70.6,49.9,51.8,33.7,33.5,30.7,36.0,10.1,7.5,45.4,49.7,351,0.9002450986445982,-5.653691062005303,218,173.0,185,218.0,286,68,26,0.3251,3,2.0,0.0,0.8,1.0,0,4.8,2.506,14.3
LIU,NEC,24-10,24,34,16.0,103.64388923203782,109.75323407848784,-6.109344846450014,0.3410436466932572,67.82892643432108,53.3,49.8,19.0,18.9,34.3,67.4,32.6,34.7,34.1,68.1,52.9,50.8,36.1,31.9,29.0,33.2,13.9,8.1,49.7,49.2,329,0.8821666147182792,-5.772619175019196,234,197.0,225,234.0,230,-4,26,0.3648,3,2.0,0.0,0.8,1.0,0,4.6,2.414,11.5
Prairie View A&M,SWAC,18-17,18,35,16.0,101.42064204704968,111.39828917057062,-9.97764712352094,0.2536751816489541,70.86896997262694,47.9,50.4,16.0,19.1,27.1,65.2,34.8,42.8,43.9,72.8,47.0,49.4,33.2,35.0,30.9,32.7,12.2,8.2,44.2,48.5,334,0.904920607890605,-12.556971354603329,281,305.0,309,281.0,325,44,26,0.2606,3,2.0,0.0,0.5,1.0,0,4.5,2.801,15.9
Lehigh,Pat,18-16,18,34,16.0,102.57586142933536,112.76923813377309,-10.193376704437725,0.2517084935075471,66.86898816344844,53.3,50.6,17.5,16.3,22.8,68.3,31.7,32.2,32.8,66.5,52.4,51.2,36.5,32.8,38.2,32.2,7.8,7.7,54.3,45.3,325,0.9122980991168111,-12.038645405208388,283,276.0,283,283.0,298,15,26,0.2777,3,2.0,0.0,0.5,1.0,0,4.9,1.368,14.9
